Date,Ticker,Sector,Action,Weight_%,Mom_12_1_%,Price
2014-07,MU,IT,BUY,2.03,129.94,32.15
2014-07,DVN,EN,BUY,4.51,55.33,53.21
2014-07,COP,EN,BUY,4.13,47.48,58.52
2014-07,SRE,UT,BUY,5.86,31.83,36.24
2014-07,EA,COM,BUY,1.97,56.02,34.84
2014-07,UNP,IND,BUY,6.69,31.28,76.5
2014-07,CAT,IND,BUY,6.83,35.25,80.67
2014-07,QCOM,IT,BUY,8.51,32.29,56.62
2014-07,MAR,CD,BUY,5.73,61.09,57.12
2014-07,EOG,EN,BUY,3.26,78.33,84.41
2014-07,HAL,EN,BUY,3.34,72.1,56.71
2014-07,SLB,EN,BUY,3.39,67.27,85.06
2014-08,INTC,IT,BUY,2.96,50.69,25.66
2014-08,SPY,OTHER,BUY,7.06,16.7,158.29
2014-08,SPG,RE,BUY,4.71,15.2,95.26
2014-08,LRCX,IT,BUY,3.27,42.61,5.96
2014-08,MSFT,IT,BUY,5.7,39.55,36.25
2014-08,AAPL,IT,BUY,3.22,51.46,20.98
2014-08,LMT,IND,BUY,6.55,43.99,121.51
2014-08,HCA,HC,BUY,3.24,67.46,60.62
2014-08,AMT,RE,BUY,5.36,35.39,71.91
2014-08,DVN,EN,SELL,0.0,39.19,50.75
2014-08,COP,EN,SELL,0.0,32.39,56.32
2014-08,SRE,UT,SELL,0.0,16.96,34.72
2014-08,EA,COM,SELL,0.0,28.64,32.64
2014-08,CAT,IND,SELL,0.0,24.76,74.79
2014-08,QCOM,IT,SELL,0.0,16.49,52.98
2014-08,EOG,EN,SELL,0.0,51.16,79.05
2014-08,HAL,EN,SELL,0.0,54.27,55.23
2014-08,SLB,EN,SELL,0.0,35.38,78.46
2014-08,UNP,IND,TRIM,5.81,26.43,75.73
2014-09,AVGO,IT,BUY,2.3,117.24,6.16
2014-09,LMT,IND,SELL,0.0,47.23,126.63
2014-09,SPG,RE,ADD,7.92,28.0,96.3
2014-10,MO,CS,BUY,3.85,40.69,22.11
2014-10,LMT,IND,BUY,6.45,48.17,134.03
2014-10,SPY,OTHER,SELL,0.0,19.57,161.51
2014-10,AMT,RE,SELL,0.0,28.25,71.33
2014-11,SPY,OTHER,BUY,6.89,16.95,166.09
2014-11,ABBV,HC,BUY,2.96,35.42,39.92
2014-11,AMGN,HC,BUY,2.58,42.39,116.84
2014-11,AMT,RE,BUY,4.63,24.77,74.56
2014-11,LLY,HC,BUY,4.89,37.9,53.93
2014-11,MU,IT,SELL,0.0,87.16,32.29
2014-11,INTC,IT,SELL,0.0,43.79,25.92
2014-11,AVGO,IT,SELL,0.0,93.05,6.49
2014-11,MO,CS,SELL,0.0,36.35,23.55
2014-11,HCA,HC,SELL,0.0,48.6,65.02
2014-11,SPG,RE,TRIM,4.87,27.17,102.3
2014-11,LMT,IND,TRIM,5.62,47.78,139.74
2014-12,SRE,UT,BUY,6.16,29.74,39.16
2014-12,TTWO,COM,BUY,2.81,69.07,27.66
2014-12,VRTX,HC,BUY,1.46,69.81,117.88
2014-12,LLY,HC,SELL,0.0,40.5,55.39
2014-12,SPY,OTHER,SELL,0.0,16.7,170.65
2014-12,AAPL,IT,SELL,0.0,53.09,26.23
2014-12,SPG,RE,ADD,5.87,32.32,103.2
2014-12,LRCX,IT,ADD,4.21,59.43,7.05
2014-12,MSFT,IT,ADD,6.63,28.98,40.41
2015-01,AVGO,IT,BUY,2.71,93.42,7.57
2015-01,SHW,MAT,BUY,4.83,44.85,78.93
2015-01,EA,COM,BUY,1.85,104.97,45.67
2015-01,LLY,HC,BUY,5.35,39.75,56.5
2015-01,MS,FIN,BUY,4.18,25.08,28.62
2015-01,WELL,RE,BUY,3.42,48.54,49.14
2015-01,SRE,UT,SELL,0.0,27.41,39.03
2015-01,LRCX,IT,SELL,0.0,46.48,6.77
2015-01,ABBV,HC,SELL,0.0,27.92,41.47
2015-01,VRTX,HC,SELL,0.0,59.89,118.8
2015-01,AMGN,HC,SELL,0.0,42.33,115.2
2015-01,AMT,RE,SELL,0.0,25.75,75.59
2015-01,LMT,IND,ADD,6.52,33.76,142.34
2015-02,ELV,HC,BUY,4.88,59.46,114.83
2015-02,MO,CS,BUY,4.89,57.98,26.14
2015-02,AAPL,IT,BUY,3.71,67.28,25.95
2015-02,WM,IND,BUY,7.46,27.26,41.29
2015-02,MAR,CD,SELL,0.0,52.96,66.75
2015-02,MS,FIN,SELL,0.0,15.82,24.94
2015-02,MSFT,IT,SELL,0.0,9.69,34.36
2015-02,LMT,IND,SELL,0.0,28.89,139.23
2015-03,CME,FIN,BUY,4.05,36.1,61.46
2015-03,MAR,CD,BUY,4.06,55.1,74.46
2015-03,SBUX,CD,BUY,4.61,33.73,37.25
2015-03,LMT,IND,BUY,6.4,27.28,147.87
2015-03,LLY,HC,SELL,0.0,21.61,57.47
2015-03,WELL,RE,SELL,0.0,38.04,50.07
2015-03,SPG,RE,SELL,0.0,29.33,109.45
2015-03,TTWO,COM,SELL,0.0,33.99,26.49
2015-03,SHW,MAT,ADD,6.06,43.75,85.58
2015-04,CI,HC,BUY,2.61,54.67,117.59
2015-04,HON,IND,BUY,6.78,14.72,74.6
2015-04,COST,CS,BUY,6.08,41.71,126.28
2015-04,LLY,HC,BUY,6.6,27.27,59.93
2015-04,UNH,HC,BUY,3.25,46.64,98.39
2015-04,MO,CS,SELL,0.0,40.03,24.62
2015-04,CME,FIN,SELL,0.0,34.01,60.68
2015-04,UNP,IND,SELL,0.0,17.5,84.56
2015-04,AAPL,IT,SELL,0.0,65.36,27.67
2015-04,MAR,CD,SELL,0.0,45.02,72.14
2015-04,AVGO,IT,TRIM,1.88,100.25,9.59
2015-04,WM,IND,TRIM,6.0,33.26,43.54
2015-05,VMC,MAT,BUY,2.88,33.05,78.09
2015-05,DIS,COM,BUY,4.18,38.77,99.0
2015-05,ABT,HC,BUY,6.94,22.47,37.66
2015-05,INTU,IT,BUY,3.8,33.88,91.82
2015-05,WFC,FIN,BUY,6.09,14.07,40.52
2015-05,EQIX,RE,BUY,3.46,42.64,198.0
2015-05,AVGO,IT,SELL,0.0,86.71,8.85
2015-05,LMT,IND,SELL,0.0,17.28,138.94
2015-05,HON,IND,SELL,0.0,10.83,72.17
2015-05,COST,CS,SELL,0.0,29.18,119.24
2015-05,WM,IND,SELL,0.0,14.95,40.05
2015-05,UNH,HC,SELL,0.0,50.85,92.97
2015-05,SBUX,CD,ADD,5.42,42.51,39.65
2015-06,AVGO,IT,BUY,1.87,112.54,11.22
2015-06,NFLX,COM,BUY,1.3,49.36,8.92
2015-06,PFE,HC,BUY,6.1,21.47,20.57
2015-06,UNH,HC,BUY,4.62,53.4,100.33
2015-06,WFC,FIN,SELL,0.0,13.25,41.15
2015-06,INTU,IT,SELL,0.0,32.78,95.56
2015-06,EQIX,RE,SELL,0.0,41.18,207.4
2015-06,VMC,MAT,SELL,0.0,48.08,82.11
2015-06,CI,HC,ADD,3.36,56.91,127.97
2015-06,EA,COM,ADD,2.72,78.65,60.96
2015-07,BMY,HC,BUY,4.54,40.85,46.45
2015-07,HCA,HC,BUY,2.96,60.91,84.2
2015-07,WFC,FIN,BUY,6.39,9.92,41.64
2015-07,AVGO,IT,SELL,0.0,87.1,10.07
2015-07,PFE,HC,SELL,0.0,16.93,20.01
2015-07,SHW,MAT,SELL,0.0,34.2,82.91
2015-07,CI,HC,TRIM,2.6,76.2,147.21
2015-07,ELV,HC,TRIM,3.96,54.91,140.26
2015-07,LLY,HC,TRIM,5.03,38.28,69.35
2015-08,NKE,CD,BUY,3.54,51.11,50.12
2015-08,META,COM,BUY,3.75,29.4,93.28
2015-08,AMZN,CD,BUY,1.82,71.3,26.81
2015-08,PFE,HC,BUY,4.79,30.05,21.52
2015-08,ORLY,CD,BUY,3.09,60.21,16.02
2015-08,CI,HC,SELL,0.0,60.05,130.91
2015-08,ELV,HC,SELL,0.0,42.64,132.33
2015-08,BMY,HC,SELL,0.0,33.15,45.82
2015-08,HCA,HC,SELL,0.0,42.41,86.33
2015-08,UNH,HC,SELL,0.0,52.13,101.75
2015-09,GIS,CS,BUY,5.54,9.73,39.07
2015-09,TJX,CD,BUY,4.2,19.35,30.29
2015-09,AZO,CD,BUY,3.77,32.88,715.99
2015-09,VMC,MAT,BUY,2.76,48.33,85.58
2015-09,DIS,COM,SELL,0.0,15.46,93.31
2015-09,ABT,HC,SELL,0.0,9.44,37.11
2015-09,PFE,HC,SELL,0.0,12.48,19.23
2015-09,AMZN,CD,SELL,0.0,51.28,25.64
2015-09,SBUX,CD,TRIM,4.17,42.65,43.9
2015-09,WFC,FIN,TRIM,4.85,6.5,39.48
2015-10,AMZN,CD,BUY,1.7,58.76,25.59
2015-10,LMT,IND,BUY,3.33,16.94,156.73
2015-10,META,COM,SELL,0.0,13.74,89.2
2015-10,WFC,FIN,SELL,0.0,1.65,38.27
2015-11,META,COM,BUY,3.13,35.98,101.18
2015-11,UNH,HC,BUY,4.25,25.92,99.14
2015-11,NVDA,IT,BUY,2.09,47.66,0.69
2015-11,LLY,HC,SELL,0.0,26.37,68.16
2015-11,NFLX,COM,SELL,0.0,93.16,10.84
2015-11,LMT,IND,SELL,0.0,18.93,166.19
2015-11,GIS,CS,ADD,6.67,15.41,40.0
2015-11,ORLY,CD,ADD,4.3,57.07,18.42
2015-12,VLO,EN,BUY,2.84,51.71,47.53
2015-12,EQIX,RE,BUY,4.06,38.47,241.63
2015-12,NFLX,COM,BUY,1.49,149.09,12.33
2015-12,EA,COM,SELL,0.0,54.31,65.85
2015-12,TJX,CD,SELL,0.0,7.94,30.51
2015-12,UNH,HC,SELL,0.0,16.08,94.87
2015-12,NKE,CD,ADD,4.58,34.7,57.69
2015-12,AZO,CD,ADD,5.25,35.67,783.77
2015-12,GIS,CS,ADD,8.11,12.97,40.08
2016-01,KO,CS,BUY,4.9,5.14,31.16
2016-01,TMO,HC,BUY,3.78,13.75,137.55
2016-01,COST,CS,BUY,4.18,18.94,135.71
2016-01,ADBE,IT,BUY,3.85,29.22,93.94
2016-01,PSA,RE,BUY,3.64,38.47,163.91
2016-01,NKE,CD,SELL,0.0,31.45,54.52
2016-01,AZO,CD,SELL,0.0,19.83,741.91
2016-01,VMC,MAT,SELL,0.0,45.12,86.99
2016-01,NFLX,COM,SELL,0.0,134.38,11.44
2016-01,ORLY,CD,SELL,0.0,31.56,16.89
2016-02,T,COM,BUY,4.19,17.96,13.21
2016-02,AZO,CD,BUY,3.89,28.55,767.39
2016-02,ICE,FIN,BUY,2.99,29.8,46.3
2016-02,TJX,CD,BUY,4.47,9.3,30.87
2016-02,MCD,CD,BUY,3.27,38.52,96.49
2016-02,JNJ,HC,BUY,4.62,7.38,78.76
2016-02,ORLY,CD,BUY,3.28,39.25,17.39
2016-02,NVDA,IT,SELL,0.0,55.08,0.71
2016-02,GIS,CS,SELL,0.0,11.09,39.21
2016-02,TMO,HC,SELL,0.0,5.96,128.2
2016-02,VLO,EN,SELL,0.0,31.92,45.21
2016-02,AMZN,CD,SELL,0.0,65.57,29.35
2016-02,COST,CS,SELL,0.0,10.33,126.99
2016-02,ADBE,IT,SELL,0.0,27.09,89.13
2016-02,KO,CS,TRIM,3.94,7.72,31.13
2016-03,CCI,RE,BUY,3.53,4.36,56.41
2016-03,GIS,CS,BUY,4.75,12.88,41.15
2016-03,XEL,UT,BUY,3.25,16.42,28.83
2016-03,O,RE,BUY,2.32,22.54,35.4
2016-03,ICE,FIN,SELL,0.0,2.56,41.86
2016-03,PSA,RE,SELL,0.0,30.66,166.27
2016-03,MCD,CD,SELL,0.0,22.58,91.35
2016-03,SBUX,CD,SELL,0.0,26.13,46.99
2016-03,META,COM,TRIM,2.28,35.39,106.09
2016-03,EQIX,RE,TRIM,2.76,44.54,248.88
2016-04,ADBE,IT,BUY,3.71,26.86,93.8
2016-04,NVDA,IT,BUY,2.01,73.02,0.87
2016-04,PSA,RE,BUY,3.13,44.51,183.82
2016-04,CCI,RE,SELL,0.0,9.12,56.41
2016-04,GIS,CS,SELL,0.0,15.48,44.3
2016-04,ORLY,CD,SELL,0.0,26.55,18.24
2016-04,T,COM,ADD,5.73,29.17,14.62
2016-04,KO,CS,ADD,4.75,18.21,33.65
2016-04,AZO,CD,ADD,5.05,16.79,796.69
2016-04,XEL,UT,ADD,4.1,24.79,30.49
2016-05,AMD,IT,BUY,1.12,57.08,3.55
2016-05,MO,CS,BUY,3.64,30.43,32.46
2016-05,SYK,HC,BUY,4.66,19.95,97.81
2016-05,NEM,MAT,BUY,1.16,32.65,27.41
2016-05,UNH,HC,BUY,4.88,20.23,111.78
2016-05,KO,CS,SELL,0.0,14.07,32.75
2016-05,AZO,CD,SELL,0.0,13.76,765.23
2016-05,O,RE,SELL,0.0,31.95,36.03
2016-05,NVDA,IT,SELL,0.0,62.67,0.87
2016-05,PSA,RE,SELL,0.0,34.43,164.24
2016-05,T,COM,ADD,6.89,20.66,14.49
2016-05,META,COM,ADD,3.55,49.27,116.66
2016-05,TJX,CD,ADD,6.64,18.91,32.96
2016-05,JNJ,HC,ADD,5.78,16.36,85.13
2016-05,EQIX,RE,ADD,4.21,37.51,272.27
2016-06,NVDA,IT,BUY,1.82,114.57,1.14
2016-06,O,RE,BUY,3.99,37.97,36.7
2016-06,CCI,RE,BUY,5.96,16.04,59.85
2016-06,MO,CS,SELL,0.0,29.39,32.94
2016-06,SYK,HC,SELL,0.0,17.36,99.73
2016-06,NEM,MAT,SELL,0.0,19.55,25.41
2016-06,UNH,HC,ADD,5.86,13.1,113.47
2016-07,MO,CS,BUY,4.55,46.77,35.69
2016-07,SYK,HC,BUY,5.31,27.26,107.51
2016-07,NEM,MAT,BUY,1.39,68.27,30.67
2016-07,ADBE,IT,SELL,0.0,18.24,95.79
2016-07,META,COM,SELL,0.0,33.24,113.39
2016-07,UNH,HC,SELL,0.0,17.72,119.86
2016-07,TJX,CD,ADD,8.19,18.16,33.68
2016-07,XEL,UT,ADD,5.93,44.41,32.92
2016-07,EQIX,RE,ADD,5.23,62.42,321.19
2016-08,UNH,HC,BUY,6.76,20.01,122.11
2016-08,MLM,MAT,BUY,2.96,30.5,188.47
2016-08,PLD,RE,BUY,3.71,39.48,41.33
2016-08,LMT,IND,BUY,8.47,25.63,195.26
2016-08,MO,CS,SELL,0.0,29.33,35.34
2016-08,SYK,HC,SELL,0.0,15.37,104.68
2016-08,EQIX,RE,SELL,0.0,42.24,308.88
2016-08,CCI,RE,SELL,0.0,23.39,64.56
2016-08,JNJ,HC,ADD,6.66,28.68,95.8
2016-08,XEL,UT,ADD,6.75,31.39,32.59
2016-09,DHR,HC,BUY,1.61,93.17,68.87
2016-09,ISRG,HC,BUY,5.32,34.34,76.27
2016-09,AMAT,IT,BUY,2.86,89.45,26.79
2016-09,PG,CS,BUY,9.46,27.77,67.49
2016-09,META,COM,BUY,5.01,41.03,125.14
2016-09,CL,CS,BUY,9.87,21.05,59.41
2016-09,MMM,IND,BUY,6.82,29.59,108.78
2016-09,TXN,IT,BUY,4.38,49.15,53.45
2016-09,O,RE,SELL,0.0,53.41,40.51
2016-09,TJX,CD,SELL,0.0,11.49,33.77
2016-09,PLD,RE,SELL,0.0,45.28,40.28
2016-09,NEM,MAT,SELL,0.0,125.04,30.0
2016-09,LMT,IND,SELL,0.0,24.33,187.72
2016-09,MLM,MAT,SELL,0.0,10.15,170.22
2016-09,XEL,UT,SELL,0.0,27.01,30.65
2016-09,UNH,HC,SELL,0.0,19.64,116.01
2016-10,ADBE,IT,BUY,5.52,32.01,108.54
2016-10,ITW,IND,BUY,5.45,49.07,95.84
2016-10,AMZN,CD,BUY,3.01,63.57,41.87
2016-10,T,COM,SELL,0.0,33.49,15.64
2016-10,TXN,IT,SELL,0.0,45.42,53.94
2016-10,MMM,IND,SELL,0.0,27.66,107.62
2016-10,ISRG,HC,ADD,9.44,57.72,80.54
2016-10,JNJ,HC,ADD,7.49,30.18,90.97
2016-11,CB,FIN,BUY,8.38,14.4,107.59
2016-11,LRCX,IT,BUY,4.09,28.35,8.49
2016-11,TMUS,COM,BUY,4.5,31.25,47.81
2016-11,WM,IND,BUY,7.13,25.54,55.42
2016-11,NFLX,COM,BUY,1.87,15.21,12.49
2016-11,UNH,HC,BUY,6.37,22.12,121.07
2016-11,TXN,IT,BUY,5.08,28.17,54.46
2016-11,ISRG,HC,SELL,0.0,35.34,74.68
2016-11,AMAT,IT,SELL,0.0,76.71,26.2
2016-11,CL,CS,SELL,0.0,10.0,57.03
2016-11,AMZN,CD,SELL,0.0,26.19,39.49
2016-11,ADBE,IT,SELL,0.0,21.26,107.51
2016-11,JNJ,HC,SELL,0.0,18.11,89.32
2016-11,ITW,IND,SELL,0.0,26.32,91.33
2016-11,PG,CS,TRIM,8.6,17.52,67.1
2016-11,META,COM,ADD,6.16,28.46,129.97
2016-12,FCX,MAT,BUY,0.86,87.65,13.89
2016-12,MMM,IND,BUY,7.09,12.64,104.88
2016-12,KLAC,IT,BUY,5.0,23.89,68.32
2016-12,LMT,IND,BUY,7.5,24.53,206.33
2016-12,DHR,HC,SELL,0.0,67.45,66.23
2016-12,META,COM,SELL,0.0,13.6,117.5
2016-12,NFLX,COM,SELL,0.0,-5.13,11.7
2016-12,PG,CS,SELL,0.0,13.8,64.24
2017-01,BAC,FIN,BUY,2.47,33.74,17.93
2017-01,SCHW,FIN,BUY,2.38,21.01,35.03
2017-01,HAL,EN,BUY,4.21,61.86,44.98
2017-01,PRU,FIN,BUY,3.37,32.5,68.03
2017-01,FCX,MAT,SELL,0.0,94.83,11.93
2017-01,KLAC,IT,SELL,0.0,16.95,67.81
2017-01,LRCX,IT,SELL,0.0,35.12,9.27
2017-01,LMT,IND,SELL,0.0,18.37,195.76
2017-01,CB,FIN,ADD,9.88,15.64,111.93
2017-01,TMUS,COM,ADD,6.36,47.01,55.29
2017-01,MMM,IND,ADD,8.52,21.72,109.75
2017-01,WM,IND,ADD,8.66,37.37,60.2
2017-01,TXN,IT,ADD,6.89,36.71,56.5
2017-02,MU,IT,BUY,4.14,118.59,23.52
2017-02,NSC,IND,BUY,5.33,71.46,97.43
2017-02,SPY,OTHER,BUY,15.43,19.98,196.44
2017-02,FCX,MAT,BUY,1.27,261.96,15.07
2017-02,LRCX,IT,BUY,6.32,62.46,10.12
2017-02,CB,FIN,SELL,0.0,18.88,111.98
2017-02,MMM,IND,SELL,0.0,18.88,107.44
2017-02,BAC,FIN,SELL,0.0,62.62,18.37
2017-02,WM,IND,SELL,0.0,34.74,59.01
2017-02,TXN,IT,SELL,0.0,46.55,58.49
2017-02,AMD,IT,ADD,2.19,371.36,10.37
2017-02,PRU,FIN,ADD,4.81,55.48,68.72
2017-02,NVDA,IT,ADD,3.16,276.34,2.69
2017-02,SCHW,FIN,ADD,3.54,63.09,36.6
2017-02,UNH,HC,ADD,8.18,43.21,139.42
2017-02,HAL,EN,ADD,5.52,81.04,47.2
2017-03,USB,FIN,BUY,6.91,46.37,39.26
2017-03,BAC,FIN,BUY,3.3,100.21,20.02
2017-03,PNC,FIN,BUY,4.99,60.2,94.16
2017-03,BA,IND,BUY,6.33,57.66,167.1
2017-03,MS,FIN,BUY,3.95,89.17,35.22
2017-03,MU,IT,SELL,0.0,120.51,22.87
2017-03,NSC,IND,SELL,0.0,70.23,100.39
2017-03,FCX,MAT,SELL,0.0,75.62,12.12
2017-03,SCHW,FIN,SELL,0.0,62.87,35.86
2017-03,HAL,EN,SELL,0.0,68.49,44.6
2017-03,SPY,OTHER,TRIM,13.39,24.79,204.16
2017-03,TMUS,COM,ADD,8.63,68.54,60.12
2017-03,UNH,HC,TRIM,7.19,41.27,142.24
2017-04,MU,IT,BUY,2.67,176.03,28.2
2017-04,AVGO,IT,BUY,4.6,43.89,16.99
2017-04,HON,IND,BUY,8.91,14.48,93.7
2017-04,ADBE,IT,BUY,4.97,38.73,130.13
2017-04,KLAC,IT,BUY,4.7,34.34,82.46
2017-04,TXN,IT,BUY,6.77,43.9,62.77
2017-04,ECL,MAT,BUY,8.86,13.78,113.47
2017-04,PRU,FIN,SELL,0.0,52.52,70.22
2017-04,USB,FIN,SELL,0.0,30.07,36.76
2017-04,BAC,FIN,SELL,0.0,77.21,19.14
2017-04,BA,IND,SELL,0.0,43.94,165.39
2017-04,PNC,FIN,SELL,0.0,45.57,88.99
2017-04,MS,FIN,SELL,0.0,75.25,33.03
2017-04,UNH,HC,SELL,0.0,29.45,141.06
2017-04,NVDA,IT,TRIM,1.96,207.93,2.69
2017-04,LRCX,IT,TRIM,4.86,57.79,11.3
2017-04,TMUS,COM,TRIM,6.8,68.64,62.1
2017-05,UNH,HC,BUY,5.24,35.06,150.97
2017-05,MSFT,IT,BUY,6.21,40.89,61.82
2017-05,AMAT,IT,BUY,3.36,101.16,36.81
2017-05,TTWO,COM,BUY,4.47,83.88,62.85
2017-05,ADBE,IT,SELL,0.0,41.94,133.74
2017-05,MU,IT,SELL,0.0,157.4,27.0
2017-05,TXN,IT,SELL,0.0,42.38,61.7
2017-05,NVDA,IT,SELL,0.0,195.67,2.57
2017-05,SPY,OTHER,TRIM,11.83,17.77,206.45
2017-05,AMD,IT,TRIM,1.28,274.65,13.3
2017-05,HON,IND,TRIM,7.64,17.89,98.41
2017-06,RTX,IND,BUY,7.75,23.6,61.97
2017-06,MU,IT,BUY,2.46,141.9,30.02
2017-06,MAR,CD,BUY,3.74,65.65,99.61
2017-06,NVDA,IT,BUY,1.64,211.2,3.56
2017-06,KLAC,IT,SELL,0.0,46.72,90.2
2017-06,UNH,HC,SELL,0.0,33.28,151.23
2017-06,AMD,IT,SELL,0.0,144.86,11.19
2017-06,MSFT,IT,SELL,0.0,35.24,63.07
2017-06,TTWO,COM,TRIM,3.42,97.22,76.74
2017-07,ETN,IND,BUY,7.57,34.86,65.3
2017-07,CB,FIN,BUY,7.95,13.63,124.43
2017-07,BKNG,CD,BUY,5.38,49.83,1836.22
2017-07,MCD,CD,BUY,5.46,31.17,123.98
2017-07,TSLA,CD,BUY,2.21,70.35,24.11
2017-07,BA,IND,BUY,5.24,57.23,186.34
2017-07,DE,IND,BUY,4.11,56.53,108.21
2017-07,AVGO,IT,SELL,0.0,52.45,18.17
2017-07,MU,IT,SELL,0.0,117.01,29.13
2017-07,AMAT,IT,SELL,0.0,74.37,37.53
2017-07,LRCX,IT,SELL,0.0,70.8,12.5
2017-07,TMUS,COM,SELL,0.0,40.1,58.29
2017-07,MAR,CD,SELL,0.0,53.18,93.12
2017-07,ECL,MAT,SELL,0.0,13.27,120.53
2017-07,RTX,IND,TRIM,6.75,21.92,62.74
2017-07,SPY,OTHER,TRIM,10.57,17.81,209.67
2017-08,MSFT,IT,BUY,8.53,31.47,66.03
2017-08,VRTX,HC,BUY,1.65,56.52,151.82
2017-08,RTX,IND,SELL,0.0,12.77,60.92
2017-08,TSLA,CD,SELL,0.0,37.77,21.56
2017-08,CB,FIN,ADD,9.3,19.37,125.97
2017-08,HON,IND,TRIM,6.48,20.18,102.66
2017-08,BA,IND,TRIM,2.76,87.32,228.46
2017-08,TTWO,COM,TRIM,2.64,97.81,79.48
2017-09,LRCX,IT,BUY,3.05,80.42,14.71
2017-09,UNH,HC,BUY,5.41,48.62,172.42
2017-09,PLD,RE,BUY,5.01,23.3,49.67
2017-09,WM,IND,BUY,7.72,23.51,66.24
2017-09,DE,IND,SELL,0.0,40.38,102.01
2017-09,ETN,IND,SELL,0.0,11.62,60.2
2017-09,BKNG,CD,SELL,0.0,30.73,1818.12
2017-09,CB,FIN,SELL,0.0,13.74,121.63
2017-09,SPY,OTHER,ADD,11.52,16.17,215.65
2017-09,MCD,CD,ADD,6.23,42.39,130.31
2017-10,MU,IT,BUY,1.96,121.2,38.37
2017-10,LMT,IND,BUY,6.09,32.86,247.74
2017-10,ABBV,HC,BUY,2.74,46.36,62.18
2017-10,AMAT,IT,BUY,2.98,74.61,47.43
2017-10,UNH,HC,SELL,0.0,42.21,169.77
2017-10,MCD,CD,SELL,0.0,39.57,128.38
2017-10,PLD,RE,SELL,0.0,22.51,49.75
2017-10,VRTX,HC,SELL,0.0,74.34,152.04
2017-10,SPY,OTHER,ADD,13.53,18.51,218.91
2017-10,MSFT,IT,ADD,9.78,32.44,68.01
2017-10,HON,IND,ADD,7.67,24.83,107.42
2017-10,WM,IND,ADD,8.85,25.72,67.23
2017-11,ISRG,HC,BUY,4.4,67.55,125.12
2017-11,MCD,CD,BUY,6.72,52.37,136.77
2017-11,LMT,IND,SELL,0.0,28.38,246.04
2017-11,BA,IND,SELL,0.0,86.6,244.54
2017-11,SPY,OTHER,ADD,14.63,23.43,225.18
2017-11,MSFT,IT,TRIM,5.76,42.16,75.95
2017-11,HON,IND,ADD,13.16,34.25,109.25
2017-11,WM,IND,TRIM,7.72,28.07,70.98
2017-12,CI,HC,BUY,5.58,57.18,192.51
2017-12,BRK-B,FIN,BUY,8.52,22.59,193.01
2017-12,CAT,IND,BUY,4.36,52.16,118.23
2017-12,ELV,HC,BUY,3.84,67.44,209.7
2017-12,BA,IND,BUY,2.88,89.41,262.38
2017-12,UNH,HC,BUY,5.36,46.39,198.54
2017-12,MU,IT,SELL,0.0,117.05,41.36
2017-12,AMAT,IT,SELL,0.0,65.63,48.05
2017-12,NVDA,IT,SELL,0.0,118.71,4.96
2017-12,LRCX,IT,SELL,0.0,83.9,17.1
2017-12,MSFT,IT,SELL,0.0,43.04,76.85
2017-12,WM,IND,SELL,0.0,21.08,71.05
2017-12,HON,IND,TRIM,8.25,39.8,118.2
2018-01,MSFT,IT,BUY,5.49,40.73,78.49
2018-01,MAR,CD,BUY,3.5,66.24,126.75
2018-01,DE,IND,BUY,3.29,55.14,138.39
2018-01,WM,IND,BUY,7.27,24.46,74.93
2018-01,TXN,IT,BUY,4.31,46.75,82.91
2018-01,CI,HC,SELL,0.0,52.29,184.65
2018-01,ISRG,HC,SELL,0.0,72.64,121.65
2018-01,ABBV,HC,SELL,0.0,60.07,68.15
2018-01,ELV,HC,SELL,0.0,58.97,200.82
2018-01,UNH,HC,SELL,0.0,39.83,192.48
2018-01,HON,IND,TRIM,7.47,35.1,116.82
2018-02,ISRG,HC,BUY,3.79,86.95,143.89
2018-02,ABBV,HC,BUY,3.64,90.34,79.07
2018-02,NFLX,COM,BUY,1.82,92.1,27.03
2018-02,MPC,EN,BUY,6.29,48.27,53.64
2018-02,BLK,FIN,BUY,6.86,53.79,457.37
2018-02,BRK-B,FIN,SELL,0.0,30.61,214.38
2018-02,MSFT,IT,SELL,0.0,50.24,87.18
2018-02,MCD,CD,SELL,0.0,43.22,141.07
2018-02,DE,IND,SELL,0.0,58.47,147.71
2018-02,TXN,IT,SELL,0.0,48.85,87.06
2018-02,SPY,OTHER,TRIM,13.02,26.3,248.12
2018-02,CAT,IND,ADD,5.72,75.29,136.35
2018-02,HON,IND,ADD,9.51,37.72,121.63
2018-02,MAR,CD,ADD,4.46,76.36,137.59
2018-02,WM,IND,ADD,10.65,30.12,76.78
2018-03,MSFT,IT,BUY,5.34,49.83,86.05
2018-03,LMT,IND,BUY,6.8,35.62,283.16
2018-03,CSCO,IT,BUY,4.65,35.54,35.33
2018-03,AMZN,CD,BUY,2.89,78.98,75.62
2018-03,NOW,IT,BUY,4.67,85.24,32.2
2018-03,ISRG,HC,SELL,0.0,73.59,142.15
2018-03,MPC,EN,SELL,0.0,32.84,49.61
2018-03,HON,IND,SELL,0.0,23.87,115.11
2018-03,MAR,CD,SELL,0.0,64.38,131.87
2018-03,TTWO,COM,SELL,0.0,96.33,111.87
2018-03,SPY,OTHER,TRIM,9.47,17.11,239.1
2018-03,CAT,IND,TRIM,4.47,64.19,130.13
2018-03,WM,IND,TRIM,9.37,20.4,74.95
2018-03,BLK,FIN,TRIM,5.69,45.17,447.3
2018-04,INTC,IT,BUY,2.9,48.42,44.02
2018-04,APD,MAT,BUY,6.63,20.59,130.91
2018-04,ABT,HC,BUY,5.41,37.82,52.05
2018-04,MPC,EN,BUY,3.07,48.73,57.0
2018-04,INTU,IT,BUY,4.05,51.05,164.07
2018-04,ADBE,IT,BUY,3.03,66.05,216.08
2018-04,CRM,IT,BUY,4.12,40.99,114.9
2018-04,ABBV,HC,SELL,0.0,50.12,67.17
2018-04,MSFT,IT,SELL,0.0,41.48,84.15
2018-04,LMT,IND,SELL,0.0,29.38,273.03
2018-04,CAT,IND,SELL,0.0,63.08,124.03
2018-04,CSCO,IT,SELL,0.0,31.28,33.84
2018-04,BA,IND,SELL,0.0,89.87,314.01
2018-04,AMZN,CD,SELL,0.0,63.26,72.37
2018-04,SPY,OTHER,TRIM,7.08,13.8,231.62
2018-04,BLK,FIN,TRIM,4.76,44.61,441.02
2018-04,WM,IND,TRIM,7.23,17.98,73.04
2018-05,SYY,CS,BUY,4.49,21.29,50.88
2018-05,VLO,EN,BUY,2.39,78.42,80.85
2018-05,CSCO,IT,BUY,3.56,34.49,34.94
2018-05,PLD,RE,BUY,5.17,22.78,51.97
2018-05,BLK,FIN,SELL,0.0,38.68,426.81
2018-05,INTC,IT,SELL,0.0,46.78,43.63
2018-05,WM,IND,SELL,0.0,14.18,70.97
2018-05,ABT,HC,SELL,0.0,36.07,50.49
2018-05,NOW,IT,TRIM,3.78,75.85,33.23
2018-06,COP,EN,BUY,3.35,54.21,51.87
2018-06,PSX,EN,BUY,3.06,58.09,85.18
2018-06,OXY,EN,BUY,2.68,49.9,69.44
2018-06,APD,MAT,SELL,0.0,14.94,133.8
2018-06,CSCO,IT,SELL,0.0,40.05,33.97
2018-06,PLD,RE,SELL,0.0,19.25,51.52
2018-06,SPY,OTHER,ADD,7.98,14.36,239.43
2018-06,INTU,IT,ADD,5.34,44.79,191.25
2018-06,NOW,IT,ADD,4.8,69.72,35.52
2018-06,SYY,CS,ADD,5.28,22.15,53.22
2018-07,TJX,CD,BUY,4.73,34.24,42.86
2018-07,ISRG,HC,BUY,2.76,53.46,159.49
2018-07,MSFT,IT,BUY,4.15,45.85,91.31
2018-07,AMZN,CD,BUY,2.35,75.6,84.99
2018-07,MPC,EN,SELL,0.0,37.71,55.02
2018-07,VLO,EN,SELL,0.0,70.11,81.33
2018-07,PSX,EN,SELL,0.0,39.98,82.66
2018-07,OXY,EN,SELL,0.0,46.64,69.01
2018-07,SPY,OTHER,TRIM,6.92,14.33,239.73
2018-07,NOW,IT,TRIM,3.8,62.71,34.49
2018-07,INTU,IT,ADD,6.18,55.39,193.82
2018-07,SYY,CS,ADD,6.62,39.05,55.89
2018-08,LIN,MAT,BUY,4.28,31.52,148.78
2018-08,ORLY,CD,BUY,2.89,49.78,20.4
2018-08,NEE,UT,BUY,5.77,17.8,34.58
2018-08,ADBE,IT,SELL,0.0,67.03,244.68
2018-08,NFLX,COM,SELL,0.0,85.76,33.74
2018-08,AMZN,CD,SELL,0.0,79.94,88.87
2018-09,PLD,RE,BUY,11.93,9.09,54.18
2018-09,LIN,MAT,SELL,0.0,22.91,140.51
2018-09,ISRG,HC,SELL,0.0,67.22,186.67
2018-09,COP,EN,SELL,0.0,71.4,56.99
2018-09,MSFT,IT,SELL,0.0,53.17,104.01
2018-09,NOW,IT,SELL,0.0,69.0,39.27
2018-09,ORLY,CD,SELL,0.0,71.02,22.36
2018-09,NEE,UT,SELL,0.0,16.09,35.11
2018-09,SPY,OTHER,ADD,12.83,19.5,257.7
2018-09,TJX,CD,ADD,7.85,54.83,49.52
2018-09,INTU,IT,ADD,10.63,56.61,208.59
2018-09,SYY,CS,ADD,8.99,45.39,61.56
2018-09,CRM,IT,ADD,7.46,59.89,150.85
2018-10,COP,EN,BUY,8.12,57.6,60.07
2018-10,MSFT,IT,BUY,8.74,56.3,106.31
2018-10,SYY,CS,SELL,0.0,38.96,60.27
2018-10,PLD,RE,SELL,0.0,9.9,54.68
2018-10,SPY,OTHER,ADD,13.88,17.88,258.06
2018-10,INTU,IT,ADD,12.21,61.48,216.13
2018-10,CRM,IT,ADD,8.91,70.23,157.12
2018-11,MRK,HC,BUY,7.99,37.92,55.74
2018-11,SPG,RE,BUY,8.66,23.98,122.07
2018-11,LLY,HC,BUY,6.97,35.84,98.0
2018-11,PFE,HC,BUY,9.83,27.39,28.94
2018-11,NEE,UT,BUY,13.38,14.26,35.83
2018-11,SPY,OTHER,SELL,0.0,7.16,241.31
2018-11,COP,EN,SELL,0.0,39.27,54.25
2018-11,MSFT,IT,SELL,0.0,30.72,99.28
2018-11,INTU,IT,SELL,0.0,41.02,200.54
2018-11,CRM,IT,SELL,0.0,34.1,135.59
2018-11,TJX,CD,ADD,9.18,60.15,49.67
2018-12,ICE,FIN,BUY,11.68,15.79,74.23
2018-12,PEG,UT,BUY,9.39,9.12,43.47
2018-12,COST,CS,BUY,10.55,26.79,208.61
2018-12,PFE,HC,SELL,0.0,32.24,31.07
2018-12,SPG,RE,SELL,0.0,20.46,123.51
2018-12,TJX,CD,SELL,0.0,31.56,44.16
2018-12,LLY,HC,TRIM,5.78,43.88,107.22
2018-12,MRK,HC,TRIM,6.85,48.17,60.08
2018-12,NEE,UT,TRIM,10.84,18.1,37.75
2019-01,EXC,UT,BUY,11.72,18.33,24.95
2019-01,ORLY,CD,BUY,5.99,43.15,22.96
2019-01,ICE,FIN,SELL,0.0,8.08,68.43
2019-01,COST,CS,SELL,0.0,10.6,184.18
2019-01,LLY,HC,ADD,6.54,40.45,105.1
2019-02,O,RE,BUY,7.01,35.44,47.18
2019-02,DUK,UT,BUY,10.12,17.07,65.69
2019-02,AEP,UT,BUY,9.51,19.33,61.32
2019-02,PEG,UT,SELL,0.0,8.92,42.77
2019-02,ORLY,CD,SELL,0.0,30.21,22.98
2019-02,MRK,HC,SELL,0.0,29.47,56.75
2019-02,EXC,UT,TRIM,10.55,28.24,26.42
2019-03,MRK,HC,BUY,7.18,54.52,61.98
2019-03,DUK,UT,SELL,0.0,24.59,67.1
2019-03,O,RE,ADD,8.14,47.36,47.66
2019-03,EXC,UT,ADD,11.77,35.64,26.88
2019-03,AEP,UT,ADD,10.36,28.36,62.9
2019-04,AZO,CD,BUY,6.34,57.88,1024.12
2019-04,MRK,HC,SELL,0.0,57.37,63.42
2019-04,EXC,UT,ADD,13.42,32.63,27.95
2019-04,AEP,UT,ADD,11.33,26.51,65.46
2019-04,NEE,UT,ADD,13.18,21.51,40.68
2019-05,MSFT,IT,BUY,6.03,42.01,122.44
2019-05,PG,CS,BUY,11.51,52.42,89.26
2019-05,LLY,HC,SELL,0.0,47.7,106.88
2019-05,O,RE,SELL,0.0,44.9,48.56
2019-06,XEL,UT,BUY,8.28,30.02,46.4
2019-06,MCD,CD,BUY,9.21,27.05,168.64
2019-06,EXC,UT,SELL,0.0,19.89,26.8
2019-06,MSFT,IT,SELL,0.0,27.24,115.95
2019-06,PG,CS,TRIM,8.91,45.33,86.87
2019-06,NEE,UT,TRIM,12.21,22.72,41.71
2019-07,ECL,MAT,BUY,7.0,42.26,183.37
2019-07,SBUX,CD,BUY,6.7,75.45,72.28
2019-07,XEL,UT,SELL,0.0,34.43,48.14
2019-07,AZO,CD,SELL,0.0,63.87,1099.47
2019-07,MCD,CD,ADD,10.42,36.69,177.66
2019-07,AEP,UT,ADD,12.97,31.52,69.35
2019-08,WM,IND,BUY,9.49,32.6,104.77
2019-08,ECL,MAT,SELL,0.0,44.9,187.79
2019-08,SBUX,CD,TRIM,5.87,84.78,81.65
2019-08,AEP,UT,TRIM,12.05,27.74,69.19
2019-09,SO,UT,BUY,8.42,39.8,44.91
2019-09,WM,IND,SELL,0.0,33.92,106.87
2019-10,XEL,UT,BUY,8.33,41.57,52.87
2019-10,CB,FIN,BUY,8.67,23.42,144.86
2019-10,MCD,CD,SELL,0.0,31.41,184.66
2019-10,SBUX,CD,SELL,0.0,58.54,76.53
2019-10,NEE,UT,TRIM,11.06,42.51,49.62
2019-11,T,COM,BUY,7.31,36.23,18.46
2019-11,O,RE,BUY,7.95,41.15,57.82
2019-11,XEL,UT,SELL,0.0,33.28,52.08
2019-11,CB,FIN,SELL,0.0,24.61,137.41
2019-11,PG,CS,ADD,9.78,44.7,105.79
2019-11,NEE,UT,ADD,12.16,41.64,50.75
2019-11,AEP,UT,ADD,13.5,32.98,74.94
2019-12,MSFT,IT,BUY,7.72,38.66,142.92
2019-12,AAPL,IT,BUY,4.99,51.98,64.23
2019-12,T,COM,SELL,0.0,29.75,18.26
2019-12,O,RE,SELL,0.0,24.26,54.32
2019-12,SO,UT,ADD,10.02,37.33,48.3
2019-12,PG,CS,ADD,11.98,32.78,104.37
2019-12,NEE,UT,ADD,13.62,31.91,49.79
2019-12,AEP,UT,ADD,15.02,21.45,72.52
2020-01,MDT,HC,BUY,13.02,27.45,94.97
2020-01,PG,CS,SELL,0.0,39.7,106.8
2020-01,SO,UT,ADD,11.28,51.65,50.13
2020-01,NEE,UT,ADD,14.63,42.69,51.84
2020-02,SRE,UT,BUY,13.83,41.24,65.59
2020-02,AAPL,IT,SELL,0.0,88.75,74.61
2020-02,MDT,HC,ADD,14.48,33.34,97.1
2020-02,AEP,UT,TRIM,10.48,35.96,83.37
2020-02,NEE,UT,TRIM,10.33,53.47,57.42
2020-03,EQIX,RE,BUY,11.68,37.95,509.63
2020-03,KO,CS,BUY,11.8,21.71,44.19
2020-03,TJX,CD,BUY,12.06,18.54,55.17
2020-03,TSLA,CD,BUY,2.18,108.83,44.53
2020-03,SO,UT,SELL,0.0,27.01,47.5
2020-03,SRE,UT,SELL,0.0,19.37,57.07
2020-03,MDT,HC,SELL,0.0,13.57,84.68
2020-03,AEP,UT,SELL,0.0,13.53,71.41
2020-03,MSFT,IT,ADD,9.74,46.75,153.48
2020-03,NEE,UT,ADD,11.41,37.9,54.11
2020-04,KMB,CS,BUY,9.73,6.5,102.14
2020-04,CCI,RE,BUY,9.46,16.77,109.7
2020-04,COST,CS,BUY,8.54,18.84,260.88
2020-04,KO,CS,SELL,0.0,-2.58,36.56
2020-04,TJX,CD,SELL,0.0,-8.67,44.27
2020-04,TSLA,CD,SELL,0.0,87.24,34.93
2020-04,EQIX,RE,TRIM,9.5,40.35,557.99
2020-04,MSFT,IT,TRIM,8.04,35.49,149.81
2020-04,NEE,UT,TRIM,8.84,27.29,51.78
2020-05,GIS,CS,BUY,10.04,20.76,48.47
2020-05,NEM,MAT,BUY,5.67,99.07,49.95
2020-05,TSLA,CD,BUY,2.42,227.57,52.13
2020-05,KMB,CS,SELL,0.0,11.12,111.42
2020-05,NEE,UT,SELL,0.0,21.56,49.74
2020-05,COST,CS,SELL,0.0,24.54,277.23
2020-05,CCI,RE,ADD,11.65,31.04,122.07
2020-05,EQIX,RE,ADD,13.29,51.21,603.23
2020-05,MSFT,IT,ADD,10.68,39.04,170.23
2020-06,NVDA,IT,BUY,7.45,162.99,8.84
2020-06,NEM,MAT,SELL,0.0,79.22,49.1
2020-06,MSFT,IT,ADD,12.24,50.12,174.07
2020-07,AAPL,IT,BUY,8.31,86.52,88.38
2020-07,PLD,RE,BUY,13.08,19.75,79.08
2020-07,CCI,RE,SELL,0.0,32.73,128.13
2020-07,GIS,CS,SELL,0.0,21.71,50.33
2020-07,NVDA,IT,ADD,9.68,131.87,9.46
2020-07,EQIX,RE,ADD,15.68,41.65,629.97
2020-07,MSFT,IT,ADD,13.11,53.79,193.85
2020-08,EA,COM,BUY,14.0,53.1,137.57
2020-08,PLD,RE,SELL,0.0,34.32,89.87
2020-08,NVDA,IT,ADD,10.65,152.35,10.58
2020-08,MSFT,IT,ADD,14.17,52.3,195.28
2020-08,TSLA,CD,ADD,3.3,492.18,95.38
2020-09,NFLX,COM,BUY,14.57,80.28,52.96
2020-09,EA,COM,SELL,0.0,48.88,135.48
2020-09,EQIX,RE,ADD,17.85,44.41,708.44
2020-10,VZ,COM,BUY,15.12,2.84,42.88
2020-10,COST,CS,BUY,14.0,24.29,326.24
2020-10,MSFT,IT,SELL,0.0,53.01,200.83
2020-10,AAPL,IT,SELL,0.0,108.88,112.44
2020-10,NVDA,IT,TRIM,7.24,211.48,13.48
2020-10,NFLX,COM,TRIM,12.56,86.84,50.0
2020-10,EQIX,RE,TRIM,12.37,33.91,684.2
2020-10,TSLA,CD,TRIM,2.13,790.54,143.0
2020-11,DHR,HC,BUY,8.45,67.29,198.91
2020-11,FDX,IND,BUY,5.27,72.86,234.22
2020-11,CL,CS,BUY,15.15,17.83,69.32
2020-11,CAT,IND,BUY,10.79,17.61,141.61
2020-11,NFLX,COM,SELL,0.0,65.53,47.57
2020-11,EQIX,RE,SELL,0.0,31.1,658.19
2020-11,VZ,COM,SELL,0.0,-1.66,41.08
2020-11,TSLA,CD,SELL,0.0,516.09,129.35
2020-12,FCX,MAT,BUY,4.13,106.3,21.84
2020-12,DE,IND,BUY,9.3,58.59,244.39
2020-12,TSLA,CD,BUY,2.73,760.16,189.2
2020-12,DHR,HC,SELL,0.0,54.56,194.66
2020-12,NVDA,IT,SELL,0.0,147.85,13.36
2020-12,FDX,IND,SELL,0.0,82.11,258.69
2020-12,CL,CS,ADD,17.69,29.28,75.66
2020-12,CAT,IND,ADD,12.89,23.55,157.48
2020-12,COST,CS,ADD,16.91,31.78,360.73
2021-01,NFLX,COM,BUY,16.35,67.11,54.07
2021-01,CL,CS,SELL,0.0,27.17,75.55
2021-01,CAT,IND,ADD,14.28,26.97,165.13
2021-01,DE,IND,ADD,10.39,58.19,251.33
2021-01,COST,CS,ADD,18.24,29.28,346.93
2021-02,KLAC,IT,BUY,10.82,72.03,265.03
2021-02,TXN,IT,BUY,13.4,41.37,142.81
2021-02,NFLX,COM,SELL,0.0,54.28,53.24
2021-02,COST,CS,SELL,0.0,19.38,333.01
2021-02,FCX,MAT,ADD,5.66,143.33,25.12
2021-02,CAT,IND,ADD,21.0,43.39,165.87
2021-02,DE,IND,ADD,13.14,85.25,270.56
2021-02,TSLA,CD,ADD,3.7,509.87,264.51
2021-03,AVGO,IT,BUY,12.46,80.23,42.27
2021-03,TSLA,CD,SELL,0.0,405.62,225.17
2021-03,CAT,IND,TRIM,16.1,78.69,196.88
2021-03,DE,IND,TRIM,11.14,126.95,327.07
2021-04,F,CD,BUY,11.03,153.62,9.2
2021-04,AVGO,IT,SELL,0.0,104.49,41.71
2021-04,DE,IND,ADD,12.47,175.46,350.51
2021-04,KLAC,IT,TRIM,9.89,133.5,313.52
2021-04,TXN,IT,ADD,14.58,94.46,163.88
2021-05,ETN,IND,BUY,14.25,74.7,132.01
2021-05,ORCL,IT,BUY,13.68,45.51,70.78
2021-05,PRU,FIN,BUY,12.09,71.65,78.9
2021-05,KLAC,IT,SELL,0.0,95.22,299.23
2021-05,TXN,IT,SELL,0.0,59.91,156.53
2021-05,F,CD,SELL,0.0,126.72,8.66
2021-05,FCX,MAT,ADD,6.42,327.07,35.21
2021-05,CAT,IND,TRIM,14.81,101.57,208.04
2021-05,DE,IND,TRIM,10.83,159.22,348.28
2021-06,VMC,MAT,BUY,16.36,71.05,176.14
2021-06,NUE,MAT,BUY,6.27,150.45,95.35
2021-06,ETN,IND,SELL,0.0,74.61,134.16
2021-06,DE,IND,SELL,0.0,140.69,339.12
2021-06,PRU,FIN,ADD,13.46,87.19,84.1
2021-06,CAT,IND,ADD,15.57,105.43,220.86
2021-07,ETN,IND,BUY,12.48,73.64,137.59
2021-07,SPY,OTHER,BUY,15.93,41.04,399.8
2021-07,NVDA,IT,BUY,6.52,110.9,19.95
2021-07,GOOGL,COM,BUY,10.31,72.19,121.09
2021-07,PSA,RE,BUY,15.49,62.57,242.14
2021-07,TXN,IT,BUY,12.85,55.38,167.67
2021-07,PRU,FIN,SELL,0.0,77.98,81.44
2021-07,VMC,MAT,SELL,0.0,51.66,167.59
2021-07,FCX,MAT,SELL,0.0,221.46,34.72
2021-07,CAT,IND,SELL,0.0,76.11,199.38
2021-07,ORCL,IT,SELL,0.0,43.16,73.01
2021-07,NUE,MAT,SELL,0.0,139.12,89.2
2021-08,ORCL,IT,BUY,11.03,59.75,81.73
2021-08,NUE,MAT,BUY,5.25,154.49,97.14
2021-08,NVDA,IT,SELL,0.0,83.91,19.45
2021-08,TXN,IT,SELL,0.0,53.32,166.21
2021-08,SPY,OTHER,ADD,16.7,36.3,410.9
2021-09,DHR,HC,BUY,10.22,57.54,281.63
2021-09,MSFT,IT,BUY,13.1,35.15,290.34
2021-09,COST,CS,BUY,11.64,35.51,432.97
2021-09,ORCL,IT,SELL,0.0,58.26,83.9
2021-09,SPY,OTHER,SELL,0.0,31.2,423.13
2021-09,NUE,MAT,SELL,0.0,165.41,109.78
2021-09,PSA,RE,TRIM,14.13,57.52,262.38
2021-09,ETN,IND,TRIM,11.6,69.03,156.33
2021-09,GOOGL,COM,TRIM,9.14,77.59,143.51
2021-10,DVN,EN,BUY,3.11,292.02,27.92
2021-10,SPY,OTHER,BUY,13.67,30.05,402.12
2021-10,PRU,FIN,BUY,8.83,74.25,84.54
2021-10,TMO,HC,BUY,9.63,29.67,563.96
2021-10,TXN,IT,BUY,11.75,37.92,168.53
2021-10,DHR,HC,SELL,0.0,41.87,264.49
2021-10,ETN,IND,SELL,0.0,49.62,139.27
2021-10,MSFT,IT,SELL,0.0,35.27,271.66
2021-10,COST,CS,SELL,0.0,30.92,427.13
2021-10,PSA,RE,SELL,0.0,37.91,240.88
2021-11,AVGO,IT,BUY,11.99,56.91,48.94
2021-11,MSFT,IT,BUY,10.56,65.29,319.55
2021-11,INTU,IT,BUY,9.36,100.12,608.09
2021-11,PRU,FIN,SELL,0.0,80.86,88.44
2021-11,TXN,IT,SELL,0.0,32.85,164.38
2021-11,TMO,HC,SELL,0.0,34.08,625.19
2021-11,SPY,OTHER,ADD,15.61,42.62,431.71
2021-11,GOOGL,COM,ADD,10.08,83.21,146.83
2021-12,KLAC,IT,BUY,7.88,64.07,389.7
2021-12,TXN,IT,BUY,11.4,22.11,169.71
2021-12,ADI,IT,BUY,12.06,31.84,166.77
2021-12,MSFT,IT,SELL,0.0,55.85,318.56
2021-12,GOOGL,COM,SELL,0.0,61.76,140.73
2021-12,INTU,IT,SELL,0.0,86.32,634.46
2021-12,DVN,EN,ADD,4.21,215.52,33.65
2021-12,AVGO,IT,TRIM,11.13,42.27,50.96
2021-12,SPY,OTHER,TRIM,13.26,27.6,428.24
2022-01,PLD,RE,BUY,9.07,72.65,147.52
2022-01,COST,CS,BUY,11.24,55.8,540.5
2022-01,TXN,IT,SELL,0.0,17.53,166.27
2022-01,ADI,IT,SELL,0.0,21.04,162.62
2022-01,AVGO,IT,TRIM,9.61,56.82,61.25
2022-01,DVN,EN,ADD,5.7,192.4,35.24
2022-01,SPY,OTHER,ADD,17.89,28.82,446.48
2022-01,KLAC,IT,ADD,10.79,68.05,411.73
2022-02,ABBV,HC,BUY,8.84,39.98,117.1
2022-02,BRK-B,FIN,BUY,12.25,37.37,313.02
2022-02,PM,CS,BUY,9.13,35.91,84.24
2022-02,PRU,FIN,BUY,10.26,49.38,90.64
2022-02,AVGO,IT,SELL,0.0,33.91,54.27
2022-02,KLAC,IT,SELL,0.0,40.6,372.64
2022-02,PLD,RE,SELL,0.0,55.01,137.95
2022-02,COST,CS,SELL,0.0,44.42,480.93
2022-02,SPY,OTHER,TRIM,14.77,23.19,424.42
2022-03,EXC,UT,BUY,11.67,59.87,36.56
2022-03,AXP,FIN,BUY,9.49,45.36,185.07
2022-03,CVX,EN,BUY,9.64,51.55,121.35
2022-03,SPY,OTHER,SELL,0.0,16.32,411.89
2022-03,PM,CS,SELL,0.0,26.61,82.78
2022-03,PRU,FIN,SELL,0.0,34.95,90.71
2022-03,DVN,EN,ADD,6.63,193.6,48.55
2022-04,COST,CS,BUY,9.56,64.54,549.09
2022-04,AXP,FIN,SELL,0.0,33.62,177.9
2022-04,CVX,EN,TRIM,8.71,62.95,138.66
2022-05,MPC,EN,BUY,6.72,62.49,79.86
2022-05,GIS,CS,BUY,13.1,20.06,61.15
2022-05,PEP,CS,BUY,10.44,22.42,151.12
2022-05,PG,CS,BUY,10.56,23.28,144.99
2022-05,ABBV,HC,SELL,0.0,37.87,126.95
2022-05,BRK-B,FIN,SELL,0.0,17.41,322.83
2022-05,CVX,EN,SELL,0.0,59.4,133.41
2022-05,COST,CS,SELL,0.0,43.93,507.01
2022-05,EXC,UT,TRIM,9.16,50.72,40.52
2022-05,DVN,EN,TRIM,5.06,165.39,48.22
2022-06,CVX,EN,BUY,7.46,76.47,148.73
2022-06,ED,UT,BUY,9.87,33.66,86.56
2022-06,PEP,CS,SELL,0.0,16.54,147.63
2022-06,PG,CS,SELL,0.0,12.26,134.3
2022-06,EXC,UT,ADD,10.5,57.72,42.57
2022-06,GIS,CS,ADD,14.96,14.68,60.83
2022-07,LLY,HC,BUY,5.55,43.26,314.19
2022-07,XEL,UT,BUY,9.01,10.38,62.05
2022-07,ABBV,HC,BUY,5.82,41.79,133.51
2022-07,MCD,CD,BUY,10.9,8.66,225.28
2022-07,EXC,UT,SELL,0.0,47.82,39.53
2022-07,DVN,EN,SELL,0.0,101.38,45.69
2022-07,CVX,EN,SELL,0.0,44.38,124.3
2022-07,MPC,EN,SELL,0.0,40.51,75.69
2022-07,GIS,CS,TRIM,12.02,27.8,65.71
2022-07,ED,UT,TRIM,9.07,37.7,83.63
2022-08,MPC,EN,BUY,5.3,71.42,84.39
2022-08,XOM,EN,BUY,5.3,76.93,85.33
2022-08,XEL,UT,SELL,0.0,10.25,64.63
2022-08,ABBV,HC,SELL,0.0,28.68,125.1
2022-08,LLY,HC,ADD,6.32,37.3,319.48
2022-08,GIS,CS,ADD,14.73,31.14,65.14
2022-08,MCD,CD,ADD,11.66,10.93,241.66
2022-08,ED,UT,ADD,10.25,39.74,87.3
2022-09,CI,HC,BUY,6.36,36.45,264.93
2022-09,XEL,UT,BUY,9.5,11.05,65.58
2022-09,MET,FIN,BUY,9.69,6.91,57.35
2022-09,LLY,HC,SELL,0.0,18.27,291.9
2022-09,XOM,EN,SELL,0.0,84.24,84.15
2022-09,MCD,CD,SELL,0.0,8.61,231.48
2022-09,ED,UT,TRIM,9.21,34.53,85.95
2022-10,LLY,HC,BUY,7.05,41.93,314.36
2022-10,ORLY,CD,BUY,8.43,15.1,46.89
2022-10,VRTX,HC,BUY,8.4,59.62,289.54
2022-10,XEL,UT,SELL,0.0,5.29,56.53
2022-10,MET,FIN,SELL,0.0,1.45,54.62
2022-10,ED,UT,SELL,0.0,22.44,76.02
2022-10,CI,HC,ADD,7.77,41.24,259.34
2022-10,GIS,CS,ADD,16.35,31.99,67.2
2022-11,BMY,HC,BUY,8.29,35.74,66.53
2022-11,ORLY,CD,SELL,0.0,34.52,55.81
2022-12,MRK,HC,BUY,7.92,52.16,99.1
2022-12,MPC,EN,SELL,0.0,105.92,112.83
2022-12,GIS,CS,TRIM,14.96,42.14,75.34
2023-01,MPC,EN,BUY,4.97,86.62,108.49
2023-01,KO,CS,BUY,10.53,10.61,57.73
2023-01,CB,FIN,BUY,7.55,16.01,211.22
2023-01,BMY,HC,SELL,0.0,18.98,62.26
2023-01,LLY,HC,SELL,0.0,34.26,356.66
2023-01,VRTX,HC,SELL,0.0,31.5,288.78
2023-01,CI,HC,ADD,9.48,46.91,310.9
2023-01,MRK,HC,TRIM,7.11,49.85,99.85
2023-02,VLO,EN,BUY,6.18,74.82,126.92
2023-02,TJX,CD,BUY,8.63,15.79,78.31
2023-02,VRTX,HC,BUY,10.85,32.94,323.1
2023-02,GIS,CS,SELL,0.0,17.44,69.21
2023-02,KO,CS,SELL,0.0,3.48,55.65
2023-02,MRK,HC,SELL,0.0,36.06,97.3
2023-02,CI,HC,ADD,12.69,39.68,298.15
2023-02,MPC,EN,ADD,7.23,83.79,119.79
2023-02,CB,FIN,ADD,10.86,17.19,218.65
2023-03,LIN,MAT,BUY,8.19,20.63,333.84
2023-03,AZO,CD,BUY,9.63,33.44,2486.54
2023-03,MRK,HC,BUY,9.32,43.19,96.24
2023-03,GIS,CS,BUY,14.97,21.23,70.67
2023-03,SYK,HC,BUY,7.89,1.08,255.35
2023-03,CI,HC,SELL,0.0,24.88,275.02
2023-03,CB,FIN,SELL,0.0,5.31,202.82
2023-03,TJX,CD,SELL,0.0,17.97,73.28
2023-03,VRTX,HC,SELL,0.0,26.2,290.29
2023-03,VLO,EN,SELL,0.0,63.4,119.4
2023-03,MPC,EN,TRIM,6.06,62.86,115.21
2023-04,GE,IND,BUY,4.23,34.42,75.03
2023-04,TJX,CD,BUY,8.76,31.67,75.24
2023-04,CL,CS,BUY,14.6,1.59,70.0
2023-04,VRTX,HC,BUY,9.88,20.73,315.07
2023-04,LIN,MAT,SELL,0.0,12.99,340.62
2023-04,SYK,HC,SELL,0.0,8.13,277.29
2023-04,AZO,CD,SELL,0.0,20.23,2458.15
2023-04,MRK,HC,SELL,0.0,33.83,96.38
2023-05,META,COM,BUY,3.67,19.88,238.45
2023-05,SYK,HC,BUY,9.0,25.79,291.85
2023-05,SBUX,CD,BUY,9.57,56.75,106.12
2023-05,ORLY,CD,BUY,9.93,51.23,61.15
2023-05,MPC,EN,SELL,0.0,43.24,114.38
2023-05,GE,IND,SELL,0.0,70.8,77.75
2023-05,TJX,CD,SELL,0.0,30.93,75.68
2023-05,VRTX,HC,SELL,0.0,24.71,340.73
2023-06,LLY,HC,BUY,9.92,38.76,420.04
2023-06,AVGO,IT,BUY,6.58,43.81,77.81
2023-06,WMT,CS,BUY,15.31,16.0,47.29
2023-06,MSFT,IT,BUY,10.05,21.97,320.79
2023-06,ORLY,CD,SELL,0.0,41.77,60.22
2023-06,SYK,HC,SELL,0.0,19.02,268.4
2023-06,CL,CS,SELL,0.0,-3.2,69.72
2023-06,SBUX,CD,SELL,0.0,27.33,90.66
2023-06,META,COM,ADD,4.45,36.71,262.66
2023-06,GIS,CS,ADD,17.24,23.74,75.27
2023-07,NVDA,IT,BUY,4.49,179.32,42.26
2023-07,SYK,HC,BUY,13.78,55.33,297.15
2023-07,TJX,CD,BUY,13.04,54.39,81.76
2023-07,VMC,MAT,BUY,10.87,60.1,220.9
2023-07,LLY,HC,SELL,0.0,46.37,459.88
2023-07,META,COM,SELL,0.0,77.97,284.75
2023-07,GIS,CS,SELL,0.0,4.4,68.6
2023-07,MSFT,IT,SELL,0.0,33.88,333.39
2023-07,WMT,CS,ADD,16.7,31.36,50.81
2023-07,AVGO,IT,ADD,8.09,84.38,83.53
2023-08,META,COM,BUY,5.47,100.25,316.12
2023-08,SPY,OTHER,BUY,16.27,12.93,442.17
2023-08,SYK,HC,SELL,0.0,33.52,276.72
2023-08,VMC,MAT,SELL,0.0,34.59,216.06
2023-08,TJX,CD,ADD,14.54,43.88,83.44
2023-08,WMT,CS,ADD,19.41,23.01,51.67
2023-09,LLY,HC,BUY,7.88,86.18,543.45
2023-09,ETN,IND,BUY,11.32,72.11,222.8
2023-09,BRK-B,FIN,BUY,15.16,28.28,360.2
2023-09,NVDA,IT,SELL,0.0,227.25,49.32
2023-09,META,COM,SELL,0.0,81.61,293.59
2023-09,SPY,OTHER,SELL,0.0,15.82,434.98
2023-09,WMT,CS,TRIM,15.46,24.66,52.56
2023-09,TJX,CD,TRIM,11.4,50.84,89.17
2023-10,BKNG,CD,BUY,7.77,87.68,3027.39
2023-10,CME,FIN,BUY,13.55,18.73,176.98
2023-10,FDX,IND,BUY,8.12,82.65,250.14
2023-10,COST,CS,BUY,8.48,20.53,544.6
2023-10,LLY,HC,SELL,0.0,67.91,527.84
2023-10,AVGO,IT,SELL,0.0,92.6,80.41
2023-10,ETN,IND,SELL,0.0,63.02,207.1
2023-10,TJX,CD,SELL,0.0,45.38,86.03
2023-10,WMT,CS,TRIM,12.61,25.2,51.88
2023-10,BRK-B,FIN,TRIM,12.98,31.19,350.3
2023-11,LIN,MAT,BUY,10.06,30.35,370.15
2023-11,IBM,IT,BUY,10.89,9.85,133.79
2023-11,META,COM,BUY,4.9,223.39,298.92
2023-11,CB,FIN,BUY,9.77,1.58,209.0
2023-11,BKNG,CD,SELL,0.0,49.22,2738.4
2023-11,FDX,IND,SELL,0.0,53.26,227.83
2023-11,BRK-B,FIN,SELL,0.0,15.67,341.33
2023-11,COST,CS,SELL,0.0,10.99,532.53
2023-11,CME,FIN,TRIM,11.22,29.43,189.71
2023-12,BRK-B,FIN,BUY,14.31,12.99,360.0
2023-12,WMT,CS,SELL,0.0,3.71,50.5
2023-12,LIN,MAT,ADD,12.3,24.72,400.76
2023-12,META,COM,ADD,5.75,177.01,324.6
2024-01,AVGO,IT,BUY,6.57,104.95,108.66
2024-01,GE,IND,BUY,9.08,95.78,100.41
2024-01,TMUS,COM,BUY,17.25,15.02,154.83
2024-01,COST,CS,BUY,12.62,45.69,637.45
2024-01,LIN,MAT,SELL,0.0,27.71,397.8
2024-01,CME,FIN,SELL,0.0,31.6,187.17
2024-01,BRK-B,FIN,SELL,0.0,15.46,356.66
2024-01,CB,FIN,SELL,0.0,4.2,220.09
2024-01,IBM,IT,ADD,14.03,21.85,153.0
2024-01,META,COM,ADD,7.56,194.13,351.2
2024-02,WMT,CS,BUY,15.42,16.61,53.8
2024-02,AVGO,IT,SELL,0.0,106.3,115.39
2024-02,GE,IND,ADD,10.68,65.03,104.24
2024-02,TMUS,COM,TRIM,15.22,8.45,155.7
2024-02,IBM,IT,TRIM,10.12,43.09,171.81
2024-02,COST,CS,TRIM,11.09,40.09,686.32
2024-03,AMZN,CD,BUY,9.51,87.58,176.76
2024-03,WMT,CS,SELL,0.0,25.6,57.25
2024-03,GE,IND,TRIM,9.08,85.77,123.51
2024-03,META,COM,TRIM,6.63,180.17,486.31
2024-03,TMUS,COM,ADD,19.46,15.36,157.7
2024-03,IBM,IT,ADD,12.2,50.21,173.09
2024-03,COST,CS,ADD,14.22,58.32,734.73
2024-04,WMT,CS,BUY,16.61,24.29,58.77
2024-04,NVDA,IT,BUY,4.23,225.44,90.3
2024-04,META,COM,SELL,0.0,129.36,482.31
2024-04,COST,CS,SELL,0.0,51.9,724.67
2024-05,ETN,IND,BUY,6.57,93.55,311.24
2024-05,KO,CS,BUY,12.97,-0.64,58.29
2024-05,CL,CS,BUY,11.72,18.13,87.8
2024-05,WELL,RE,BUY,10.96,23.76,91.75
2024-05,IBM,IT,SELL,0.0,37.58,156.89
2024-05,NVDA,IT,SELL,0.0,211.47,86.35
2024-05,WMT,CS,SELL,0.0,19.65,58.17
2024-05,AMZN,CD,SELL,0.0,65.96,175.0
2024-05,GE,IND,TRIM,6.76,105.3,159.62
2024-05,TMUS,COM,TRIM,15.86,15.04,159.17
2024-06,NVDA,IT,BUY,3.4,189.87,109.57
2024-06,ETN,IND,SELL,0.0,92.32,325.51
2024-06,KO,CS,ADD,15.48,8.84,59.38
2024-06,CL,CS,ADD,13.99,28.1,89.31
2024-07,WMT,CS,BUY,10.05,31.07,66.59
2024-07,GE,IND,SELL,0.0,82.03,157.08
2024-07,KO,CS,TRIM,13.98,9.07,60.06
2024-07,CL,CS,TRIM,12.47,29.1,93.23
2024-07,TMUS,COM,TRIM,14.87,28.39,171.46
2024-08,T,COM,BUY,8.77,42.05,17.71
2024-08,NVDA,IT,SELL,0.0,150.5,116.96
2024-08,WMT,CS,TRIM,9.21,30.64,67.51
2024-08,KO,CS,TRIM,11.83,11.22,63.46
2024-08,WELL,RE,TRIM,10.07,39.14,107.79
2024-09,ELV,HC,BUY,13.08,27.59,539.14
2024-09,WMT,CS,SELL,0.0,44.51,75.96
2024-09,KO,CS,TRIM,10.22,25.01,68.91
2024-09,TMUS,COM,TRIM,12.3,47.63,193.4
2024-09,WELL,RE,TRIM,9.08,49.6,116.93
2024-10,WMT,CS,BUY,7.37,53.52,79.64
2024-10,SRE,UT,BUY,11.07,27.12,79.28
2024-10,ELV,HC,SELL,0.0,20.95,503.42
2024-10,T,COM,SELL,0.0,56.5,20.55
2024-10,KO,CS,ADD,14.0,32.48,68.33
2024-11,T,COM,BUY,8.56,56.39,21.05
2024-11,SPY,OTHER,BUY,12.63,37.81,558.63
2024-11,KO,CS,SELL,0.0,19.19,62.53
2024-11,CL,CS,SELL,0.0,27.7,90.49
2024-11,WMT,CS,ADD,8.4,52.48,80.83
2024-11,SRE,UT,ADD,12.77,23.0,79.63
2024-11,WELL,RE,ADD,10.63,65.49,131.44
2024-12,AXP,FIN,BUY,9.15,80.55,300.76
2024-12,SRE,UT,SELL,0.0,32.81,89.46
2024-12,WMT,CS,ADD,9.4,80.64,91.23
2024-12,T,COM,ADD,10.13,48.43,21.91
2024-12,SPY,OTHER,ADD,16.27,33.81,591.94
2024-12,WELL,RE,ADD,11.7,59.09,134.65
2025-01,BLK,FIN,BUY,9.42,29.51,994.03
2025-01,WELL,RE,SELL,0.0,43.07,123.42
2025-01,TMUS,COM,TRIM,8.69,39.7,216.3
2025-02,CSCO,IT,BUY,12.14,24.7,58.76
2025-02,WELL,RE,BUY,9.8,61.49,133.65
2025-02,T,COM,SELL,0.0,42.45,22.45
2025-02,TMUS,COM,SELL,0.0,46.63,228.29
2025-03,T,COM,BUY,8.54,71.32,26.26
2025-03,TMUS,COM,BUY,7.37,67.59,264.28
2025-03,AXP,FIN,SELL,0.0,38.68,297.79
2025-03,BLK,FIN,SELL,0.0,23.39,952.83
2025-03,WELL,RE,TRIM,8.98,70.5,150.33
2025-04,SO,UT,BUY,11.62,32.61,89.03
2025-04,DUK,UT,BUY,12.89,31.0,117.8
2025-04,PM,CS,BUY,6.85,81.93,151.96
2025-04,WMT,CS,SELL,0.0,47.65,86.78
2025-04,SPY,OTHER,SELL,0.0,8.32,551.39
2025-04,CSCO,IT,SELL,0.0,27.54,60.25
2025-04,T,COM,ADD,9.48,70.02,27.09
2025-04,WELL,RE,ADD,9.8,67.49,150.71
2025-05,CME,FIN,BUY,11.02,38.29,266.86
2025-05,ORLY,CD,BUY,9.81,39.67,94.35
2025-05,NFLX,COM,BUY,5.56,105.53,113.17
2025-05,SO,UT,SELL,0.0,29.35,88.97
2025-05,TMUS,COM,SELL,0.0,52.54,242.8
2025-05,PM,CS,SELL,0.0,88.6,165.5
2025-05,DUK,UT,TRIM,11.89,28.98,117.85
2025-05,WELL,RE,TRIM,8.92,63.6,150.1
2025-06,AZO,CD,BUY,11.87,34.77,3733.04
2025-06,TRV,FIN,BUY,9.24,30.08,271.4
2025-06,ORLY,CD,SELL,0.0,41.97,91.17
2025-06,DUK,UT,SELL,0.0,18.06,113.69
2025-07,CSCO,IT,BUY,11.05,50.42,68.19
2025-07,PM,CS,BUY,7.34,87.81,175.9
2025-07,AZO,CD,SELL,0.0,25.24,3712.23
2025-07,TRV,FIN,SELL,0.0,33.9,263.36
2025-07,CME,FIN,ADD,13.16,46.68,265.46
2025-07,WELL,RE,ADD,10.37,50.4,151.92
2025-07,T,COM,ADD,10.96,59.34,28.02
2025-07,NFLX,COM,ADD,6.72,98.42,133.91
2025-08,D,UT,BUY,11.98,14.61,56.54
2025-08,SO,UT,BUY,11.53,16.96,92.25
2025-08,RTX,IND,BUY,8.17,36.93,155.74
2025-08,DUK,UT,BUY,11.98,15.52,118.55
2025-08,T,COM,SELL,0.0,49.81,26.54
2025-08,CSCO,IT,SELL,0.0,44.74,66.91
2025-08,PM,CS,SELL,0.0,48.04,159.63
2025-08,NFLX,COM,SELL,0.0,84.52,115.94
2025-08,CME,FIN,TRIM,10.24,50.13,269.25
2025-08,WELL,RE,TRIM,7.72,51.34,163.13
2025-09,MO,CS,BUY,8.28,34.56,64.95
2025-09,BLK,FIN,BUY,9.9,27.71,1110.23
2025-09,NEM,MAT,BUY,4.62,42.36,73.79
2025-09,SO,UT,SELL,0.0,10.45,90.12
2025-09,CME,FIN,SELL,0.0,29.1,257.86
2025-09,RTX,IND,SELL,0.0,31.29,156.76
2025-09,D,UT,ADD,14.34,12.33,57.94
2025-09,DUK,UT,ADD,14.33,11.55,119.38
2025-09,WELL,RE,ADD,9.24,42.22,166.3
2025-10,RTX,IND,BUY,8.22,40.87,166.12
2025-10,CME,FIN,BUY,10.78,27.97,261.42
2025-10,MO,CS,SELL,0.0,39.34,63.84
2025-10,NEM,MAT,SELL,0.0,61.14,83.62
2025-10,D,UT,TRIM,12.97,9.64,59.17
2025-10,BLK,FIN,TRIM,8.66,25.46,1148.38
2025-10,DUK,UT,TRIM,12.37,11.3,121.65
2025-10,WELL,RE,TRIM,8.0,41.73,176.82
2025-11,SPY,OTHER,BUY,12.1,21.4,678.2
2025-11,F,CD,BUY,7.61,37.33,12.84
2025-11,BLK,FIN,SELL,0.0,12.65,1071.6
2025-11,CME,FIN,SELL,0.0,23.06,258.1
2025-12,GOOGL,COM,BUY,5.06,90.35,319.75
2025-12,NEM,MAT,BUY,5.61,120.67,90.28
2025-12,RTX,IND,SELL,0.0,46.45,173.64
2025-12,F,CD,SELL,0.0,28.41,12.99
2025-12,SPY,OTHER,ADD,14.64,14.8,679.52
2025-12,DUK,UT,ADD,14.38,9.81,121.83
2026-01,RTX,IND,BUY,10.26,61.44,182.79
2026-01,MU,IT,BUY,2.79,240.54,285.29
2026-01,JNJ,HC,BUY,10.55,47.48,205.86
2026-01,F,CD,BUY,11.84,42.35,12.98
2026-01,D,UT,SELL,0.0,12.7,57.33
2026-01,WELL,RE,SELL,0.0,49.86,184.95
2026-01,GOOGL,COM,SELL,0.0,66.08,312.58
2026-01,SPY,OTHER,SELL,0.0,17.77,678.06
2026-01,DUK,UT,ADD,16.47,12.72,116.22
2026-01,NEM,MAT,ADD,7.16,172.82,99.65
2026-02,JNJ,HC,TRIM,9.74,53.93,226.05
2026-03,MLM,MAT,BUY,11.01,40.84,675.74
2026-03,MU,IT,SELL,0.0,341.87,412.37
2026-03,RTX,IND,TRIM,8.45,55.2,201.95
2026-03,DUK,UT,TRIM,11.59,15.4,129.74
2026-03,NEM,MAT,TRIM,6.11,208.6,129.74
2026-03,JNJ,HC,TRIM,7.73,55.15,247.12
